product_names,ingredients

"NIOD Flavanone Mud","Aqua (Water), Montmorillonite, Kaolin, Bisabolol, Silica Cetyl Silylate, Isodecyl Neopentanoate, Panthenyl Triacetate, Glucosyl Hesperidin, Potassium Azeloyl Diglycinate, Argilla, Glycerin, Butylene Glycol, Resveratrol, Naringenin, Arginine, Alteromonas Ferment Extract, Perfluorodecalin, Simmondsia Chinensis Seed Oil, Glycosphingolipids, Propanediol, Xanthan Gum, Carrageenan, Acacia Senegal Gum, Mica, Quartz, Sucrose Palmitate, Trisodium Ethylenediamine Disuccinate, Ethoxydiglycol, Potassium Sorbate, Sodium Benzoate, Phenoxyethanol, Chlorphenesin"

"NIOD Flavanone Mud","Aqua (Water), Montmorillonite, Kaolin, Bisabolol, Silica Cetyl Silylate, Isodecyl Neopentanoate, Panthenyl Triacetate, Glucosyl Hesperidin, Potassium Azeloyl Diglycinate, Argilla, Glycerin, Butylene Glycol, Resveratrol, Naringenin, Arginine, Alteromonas Ferment Extract, Perfluorodecalin, Simmondsia Chinensis Seed Oil, Glycosphingolipids, Propanediol, Xanthan Gum, Carrageenan, Acacia Senegal Gum, Mica, Quartz, Sucrose Palmitate, Trisodium Ethylenediamine Disuccinate, Ethoxydiglycol, Potassium Sorbate, Sodium Benzoate, Phenoxyethanol, Chlorphenesin"

"The Ordinary AHA 30% + BHA 2% Peeling Solution","Glycolic Acid, Aqua (Water), Aloe Barbadensis Leaf Water, Sodium Hydroxide, Daucus Carota Sativa Extract, Propanediol, Cocamidopropyl Dimethylamine, Salicylic Acid, Lactic Acid, Tartaric Acid, Citric Acid, Panthenol, Sodium Hyaluronate Crosspolymer, Tasmanian Lanceolate Fruit/Leaf Extract, Glycerin, Pentylene Glycol, Xanthan Gum, Polysorbate 20, Trisodium Ethylenediamine Disuccinate, Potassium Sorbate, Sodium Benzoate, Ethylhexylglycerin, 1,2-Hexanediol, Caprylyl Glycol"

"Tatcha Water Cream","Aqua (Water), Saccharomyces/Camellia Sinensis Leaf/Cladosiphon Okamuranus/Rice Ferment Filtrate, Dimethicone, Propanediol, Glycerin, Diglycerin, Diphenylsiloxy Phenyl Trimethicone, Gold, Belamcanda Chinensis Root Extract, Rosa Multiflora Fruit Extract, Houttuynia Cordata Extract, Sophora Angustifolia Root Extract, Sodium Hyaluronate, Lecithin, Pistacia Lentiscus (Mastic) Gum, Sodium Chloride, Sodium Citrate, Mica, Peg-9 Polydimethylsiloxyethyl Dimethicone, Dimethicone/Peg-10/15 Crosspolymer, Dimethicone/Phenyl Vinyl Dimethicone Crosspolymer, Disodium Edta, Tin Oxide, Titanium Dioxide, Butylene Glycol, Ethylhexylglycerin, Parfum (Fragrance), Alcohol, Phenoxyethanol"

"Drunk Elephant F-Balm Electrolyte Waterfacial","Water (Aqua), Squalane, Propanediol, Niacinamide, Olive Oil Glycereth-8 Esters, Coconut Alkanes, Cocos Nucifera (Coconut) Water, Simmondsia Chinensis (Jojoba) Seed Oil, Ammonium Acryloyldimethyltaurate/VP Copolymer, Glycerin, Mannitol, Sclerocarya Birrea Seed Oil, Sclerocarya Birrea Seed Butter, Sodium PCA, Opuntia Tuna Fruit Extract, Linum Usitatissimum (Linseed) Seed Oil, Sorbitol, Quercetin, Trehalose, Zea Mays (Corn) Oil, Cetyl Alcohol, Sucrose, Creatine, Inositol, Pentylene Glycol, Ferulic Acid, Hydroxytyrosol, Behenic Acid, Linoleic Acid, Cholesterol, Ceramide NS, Ceramide AP, Ceramide EOS, Ceramide NP, Ceramide EOP, Phospholipids, Sodium Hyaluronate Crosspolymer, Magnesium PCA, Microcrystalline Cellulose, Adenosine, Sodium Hyaluronate, Xanthan Gum, Caprooyl Phytosphingosine, Ascorbyl Palmitate, Hydroxypropyl Methylcellulose, Caprooyl Sphingosine, Coco-Caprylate/Caprate, Ceteareth-25, Citric Acid, Glyceryl Caprylate, Phenoxyethanol, Caprylyl Glycol, Sodium Benzoate, Tocopherol, Chlorphenesin, Potassium Sorbate, Ethylhexylglycerin"

"Sarah Chapman Skinesis Intense Hydrating Booster","Aqua (Water), Glycerin, Rosa Damascena Flower Water, Alpha-Glucan Oligosaccharide, Phenoxyethanol, Sodium Hyaluronate, Sodium Benzoate, Potassium Sorbate, Decarboxy Carnosine HCL, Ethylhexylglycerin, Butylene Glycol, Hydrolyzed Algin, Betaglucan, Maris Aqua (Sea Water), Citric Acid, Chlorella Vulgaris Extract, Chloroacetamide, Citronellol, Geraniol"

"Est√©e Lauder Advanced Night Repair","Water (Aqua), Bifida Ferment Lysate, Methyl Gluceth-20, Peg-75, Bis-Peg-18 Methyl Ether Dimethyl Silane, Butylene Glycol, Propanediol, Cola Acuminata (Kola) Seed Extract, Hydrolyzed Algin, Panthenine, Caffeine, Lecithin, Tripeptide-32, Ethylhexylglycerin, Sodium RNA, Bisabolol, Glycereth-26, Squalane, Sodium Hyaluronate, Oleth-3 Phosphate, Caprylyl Glycol, Lactobacillus Ferment, Oleth-3, Oleth-5, Anthemis Nobilis (Chamomile) Extract, Yeast Extract, Choleth-24, Hydrogenated Lecithin, Ceteareth-24, Tocopheryl Acetate, Ethylhexyl Methoxycinnamate, Hexylene Glycol, Carbomer, Triethanolamine, Trisodium EDTA, BHT, Xanthan Gum, Phenoxyethanol, Red 4 (CI 14700), Yellow 5 (CI 19140)"

"The Inkey List Zinc Oxide Cream Moisturiser","Aqua (Water), Zinc Oxide, Ethylhexyl Methoxycinnamate, Caprylic/Capric Triglyceride, Ethylhexyl Palmitate, Butylene Glycol, Ethylhexyl Salicylate, Glycerin, Polymethylsilsesquioxane, Dimethicone, Cetearyl Alcohol, Polymethylsilsesquioxane/Silica Crosspolymer, Glyceryl Stearate, Peg-100 Stearate, Polyhydroxystearic Acid, Isohexadecane, Isododecane, Phenoxyethanol, Polysilicone-11, Cetyl Alcohol, Butyrospermum Parkii (Shea) Butter, Ammonium Polyacryloyldimethyl Taurate, Polysorbate 80, Tocopheryl Acetate, Ethylhexylglycerin, Disodium EDTA, Sodium Hyaluronate"

"Dr Dennis Gross C+ Collagen Mist","Water, Propylene Glycol, Polysorbate 20, 3-O-Ethyl Ascorbic Acid, Ascorbic Acid, Collagen Amino Acids, Niacinamide, Panthenol, Superoxide Dismutase, Ubiquinone, Sodium Hyaluronate, Phytic Acid, Phospholipids, Sphingolipids, Colloidal Oatmeal, Carnitine HCL, Ascorbyl Palmitate, Tocopheryl Acetate, Soy Isoflavones, Aloe Barbadensis Leaf Juice, Camellia Sinensis Leaf Extract, Cucumis Sativus (Cucumber) Fruit Extract, Chamomilla Recutita (Matricaria) Extract, Sodium PCA, Glycerin, Butylene Glycol, Acrylates/Carbamate Copolymer, Glycolic Acid, Citric Acid, Tetrasodium EDTA, Ethylhexylglycerin, Rubus Idaeus (Raspberry) Fruit Extract, Pyrus Malus (Apple) Fruit Extract, Elettaria Cardamomum Seed Extract, Santalum Album (Sandalwood) Wood Extract, Salvia Officinalis (Sage) Leaf Extract, Rosmarinus Officinalis (Rosemary) Leaf Extract, Rose Extract, Jasmine Extract, Fucus Vesiculosus Extract, Cupressus Sempervirens Extract, Cucumis Melo (Melon) Extract, Coffea Arabica (Coffee) Seed Extract, Citrus Aurantium Amara (Bitter Orange) Flower Extract, Polysorbate 80, Biosaccharide Gum-4, Cananga Odorata Flower Extract, Citrus Aurantium Bergamia (Bergamot) Fruit Extract, Lavandula Angustifolia (Lavender) Flower Extract, Triethyl Citrate, Linalool, Potassium Sorbate, Phenoxyethanol"

"Osea Atmosphere Protection Cream","Aqua, Algae Extract, Coco Caprylate/Caprate, Macadamia Ternifolia Seed Oil, Sorbitan Olivate, Cetearyl Glucoside, Butyrospermum Parkii (Shea Butter), Simmondsia Chinensis (Jojoba) Seed Oil, Persea Gratissima (Avocado) Oil, Tocopherol (Vitamin E), Calendula Extract, L-Lysine Lauroyl Methionine, Xanthan Gum, Laminaria Algae Extract, Ginkgo Biloba Leaf Extract, Chamomilla Recutita Flower Extract, Lavandula Angustifolia Oil, Pelargonium Graveolens Oil, Magnesium Aluminum Silicate, Citrus Grandis (Grapefruit) Peel Oil, Potassium Sorbate, Glycine"
